"Date","Opponent","OffPoss","Points","FG2M","FG2A","Fg2Pct","FG3M","FG3A","Fg3Pct","NonHeaveFg3Pct","FtPoints","PtsAssisted2s","PtsUnassisted2s","PtsAssisted3s","PtsUnassisted3s","Assisted2sPct","NonPutbacksAssisted2sPct","Assisted3sPct","FG3APct","ShotQualityAvg","EfgPct","TsPct","PtsPutbacks","Fg2aBlocked","FG2APctBlocked","Fg3aBlocked","FG3APctBlocked"
"2020-12-23","DEN",110,122,39,69,0.5652173913043478,8,29,0.27586206896551724,0.27586206896551724,20,40,38,24,0,0.5128205128205128,0.5882352941176471,1,0.29591836734693877,0.47742704081632653,0.5204081632653061,0.5601851851851852,10,7,0.10144927536231885,0,0
"2020-12-26","PHX",102,103,30,54,0.5555555555555556,11,44,0.25,0.25,10,34,26,24,9,0.5666666666666667,0.5862068965517241,0.7272727272727273,0.4489795918367347,0.49916785714285716,0.4744897959183674,0.5,2,8,0.14814814814814814,1,0.022727272727272728
"2020-12-27","PHX",98,116,32,59,0.5423728813559322,14,35,0.4,0.4,10,42,22,39,3,0.65625,0.6774193548387096,0.9285714285714286,0.3723404255319149,0.4991872340425532,0.5638297872340425,0.5979381443298969,2,4,0.06779661016949153,0,0
"2020-12-29","DEN",100,115,33,53,0.6226415094339622,11,28,0.39285714285714285,0.39285714285714285,16,34,32,30,3,0.5151515151515151,0.5862068965517241,0.9090909090909091,0.345679012345679,0.5144277777777778,0.6111111111111112,0.6404494382022472,8,2,0.03773584905660377,0,0
"2020-12-31","HOU",105,122,32,50,0.64,13,36,0.3611111111111111,0.3611111111111111,19,36,28,24,15,0.5625,0.6,0.6153846153846154,0.4186046511627907,0.5492104651162791,0.5988372093023255,0.6237113402061856,4,4,0.08,1,0.027777777777777776
"2021-01-02","HOU",97,102,23,40,0.575,13,41,0.3170731707317073,0.3170731707317073,17,12,34,27,12,0.2608695652173913,0.2857142857142857,0.6923076923076923,0.5061728395061729,0.5051407407407408,0.5246913580246914,0.554945054945055,4,3,0.075,1,0.024390243902439025
"2021-01-04","GSW",108,137,28,54,0.5185185185185185,23,43,0.5348837209302325,0.5348837209302325,12,44,12,57,12,0.7857142857142857,0.8148148148148148,0.8260869565217391,0.44329896907216493,0.5058922680412371,0.6443298969072165,0.6666666666666666,2,6,0.1111111111111111,0,0
"2021-01-06","CHI",98,124,35,53,0.660377358490566,14,40,0.35,0.358974358974359,12,32,38,33,9,0.45714285714285713,0.47058823529411764,0.7857142857142857,0.43010752688172044,0.5075646739130435,0.6021505376344086,0.6262626262626263,2,2,0.03773584905660377,1,0.025
"2021-01-08","TOR",99,144,33,52,0.6346153846153846,20,39,0.5128205128205128,0.5263157894736842,18,30,36,45,15,0.45454545454545453,0.5,0.75,0.42857142857142855,0.5458355555555555,0.6923076923076923,0.7079207920792079,6,8,0.15384615384615385,0,0
"2021-01-09","POR",107,125,27,59,0.4576271186440678,17,41,0.4146341463414634,0.4146341463414634,20,30,24,33,18,0.5555555555555556,0.6,0.6470588235294118,0.41,0.5186535,0.525,0.5636363636363636,4,5,0.0847457627118644,0,0
"2021-01-11","IND",104,122,34,58,0.5862068965517241,13,39,0.3333333333333333,0.3333333333333333,15,36,32,24,15,0.5294117647058824,0.5625,0.6153846153846154,0.4020618556701031,0.5428247422680412,0.5515463917525774,0.5865384615384616,4,9,0.15517241379310345,0,0
"2021-01-13","POR",97,132,21,42,0.5,23,48,0.4791666666666667,0.4791666666666667,21,14,28,63,6,0.3333333333333333,0.3888888888888889,0.9130434782608695,0.5333333333333333,0.5364911111111111,0.6166666666666667,0.6470588235294118,6,2,0.047619047619047616,0,0
"2021-01-15","LAC",96,138,34,54,0.6296296296296297,18,35,0.5142857142857142,0.5142857142857142,16,26,42,48,6,0.38235294117647056,0.40625,0.8888888888888888,0.39325842696629215,0.5205696629213483,0.6853932584269663,0.7040816326530612,4,2,0.037037037037037035,0,0
"2021-01-17","NOP",99,128,34,63,0.5396825396825397,11,22,0.5,0.5,27,30,38,27,6,0.4411764705882353,0.5,0.8181818181818182,0.25882352941176473,0.5371882352941176,0.5941176470588235,0.64,8,7,0.1111111111111111,0,0
"2021-01-20","LAC",102,115,25,51,0.49019607843137253,16,35,0.45714285714285713,0.47058823529411764,17,20,30,42,6,0.4,0.4166666666666667,0.875,0.4069767441860465,0.5326117647058823,0.5697674418604651,0.6117021276595744,2,3,0.058823529411764705,1,0.02857142857142857
"2021-01-22","NYK",94,94,31,72,0.4305555555555556,5,22,0.22727272727272727,0.22727272727272727,17,28,34,15,0,0.45161290322580644,0.6086956521739131,1,0.23404255319148937,0.4926489361702127,0.4095744680851064,0.46078431372549017,16,13,0.18055555555555555,1,0.045454545454545456
"2021-01-27","ORL",98,107,30,70,0.42857142857142855,10,26,0.38461538461538464,0.4,17,34,26,24,6,0.5666666666666667,0.68,0.8,0.2708333333333333,0.4668668421052632,0.46875,0.5145631067961165,10,3,0.04285714285714286,0,0
"2021-01-29","TOR",100,124,29,54,0.5370370370370371,13,32,0.40625,0.40625,27,22,36,27,12,0.3793103448275862,0.39285714285714285,0.6923076923076923,0.37209302325581395,0.5267282352941177,0.563953488372093,0.6089108910891089,2,5,0.09259259259259259,0,0
"2021-01-30","MIA",93,105,25,45,0.5555555555555556,11,32,0.34375,0.34375,22,30,20,30,3,0.6,0.6,0.9090909090909091,0.4155844155844156,0.5033720779220779,0.538961038961039,0.5842696629213483,0,3,0.06666666666666667,0,0
"2021-02-01","NOP",102,109,31,71,0.43661971830985913,9,30,0.3,0.3103448275862069,20,26,36,27,0,0.41935483870967744,0.5652173913043478,1,0.297029702970297,0.5511945,0.4405940594059406,0.47767857142857145,16,8,0.11267605633802817,0,0
"2021-02-03","BOS",99,111,28,53,0.5283018867924528,11,33,0.3333333333333333,0.3333333333333333,22,42,14,21,12,0.75,0.8076923076923077,0.6363636363636364,0.38372093023255816,0.5152691860465116,0.5174418604651163,0.5606060606060606,4,2,0.03773584905660377,0,0
"2021-02-06","DEN",96,114,32,62,0.5161290322580645,13,35,0.37142857142857144,0.37142857142857144,11,36,28,36,3,0.5625,0.6428571428571429,0.9230769230769231,0.36082474226804123,0.49467319587628866,0.5309278350515464,0.5533980582524272,8,7,0.11290322580645161,0,0
"2021-02-07","LAC",101,110,33,71,0.4647887323943662,8,28,0.2857142857142857,0.2857142857142857,20,26,40,18,6,0.3939393939393939,0.43333333333333335,0.75,0.2828282828282828,0.514760606060606,0.45454545454545453,0.5045871559633027,6,4,0.056338028169014086,0,0
"2021-02-09","PHI",105,119,32,65,0.49230769230769234,9,20,0.45,0.45,28,32,32,24,3,0.5,0.5333333333333333,0.8888888888888888,0.23529411764705882,0.4863282352941176,0.5352941176470588,0.5891089108910891,4,8,0.12307692307692308,0,0
"2021-02-12","ORL",99,123,31,57,0.543859649122807,15,34,0.4411764705882353,0.4411764705882353,16,26,36,36,9,0.41935483870967744,0.4482758620689655,0.8,0.37362637362637363,0.5048417582417583,0.5879120879120879,0.6212121212121212,4,1,0.017543859649122806,0,0
"2021-02-14","MEM",100,124,41,73,0.5616438356164384,9,21,0.42857142857142855,0.42857142857142855,15,44,38,27,0,0.5365853658536586,0.5945945945945946,1,0.22340425531914893,0.5080675531914893,0.5797872340425532,0.6078431372549019,8,5,0.0684931506849315,0,0
"2021-02-15","BKN",99,136,24,42,0.5714285714285714,27,47,0.574468085106383,0.574468085106383,7,28,20,51,30,0.5833333333333334,0.5833333333333334,0.6296296296296297,0.5280898876404494,0.5255387640449438,0.7247191011235955,0.723404255319149,0,6,0.14285714285714285,0,0
"2021-02-18","MIA",100,118,37,61,0.6065573770491803,12,34,0.35294117647058826,0.35294117647058826,8,50,24,33,3,0.6756756756756757,0.7142857142857143,0.9166666666666666,0.35789473684210527,0.5324605263157894,0.5789473684210527,0.6082474226804123,4,3,0.04918032786885246,0,0
"2021-02-20","CHI",99,122,38,59,0.6440677966101694,11,23,0.4782608695652174,0.45454545454545453,13,28,48,30,3,0.3684210526315789,0.3783783783783784,0.9090909090909091,0.2804878048780488,0.536595061728395,0.6646341463414634,0.6931818181818182,2,3,0.05084745762711865,0,0
"2021-02-21","MIL",104,128,33,62,0.532258064516129,11,28,0.39285714285714285,0.39285714285714285,29,30,36,21,12,0.45454545454545453,0.4838709677419355,0.6363636363636364,0.3111111111111111,0.5239216666666666,0.55,0.6037735849056604,4,2,0.03225806451612903,1,0.03571428571428571
"2021-02-23","BKN",101,127,27,49,0.5510204081632653,17,40,0.425,0.425,22,36,18,36,15,0.6666666666666666,0.72,0.7058823529411765,0.449438202247191,0.5217634831460675,0.5898876404494382,0.6105769230769231,4,6,0.12244897959183673,1,0.025
"2021-02-25","NYK",103,140,32,51,0.6274509803921569,19,36,0.5277777777777778,0.5277777777777778,19,20,44,42,15,0.3125,0.3448275862068966,0.7368421052631579,0.41379310344827586,0.5346477011494253,0.6954022988505747,0.7239583333333334,6,0,0,0,0
"2021-02-26","DET",98,107,25,49,0.5102040816326531,12,33,0.36363636363636365,0.36363636363636365,21,24,26,24,12,0.48,0.5,0.6666666666666666,0.4024390243902439,0.4986725609756098,0.524390243902439,0.5515463917525774,2,6,0.12244897959183673,0,0
"2021-02-28","CHA",97,127,34,53,0.6415094339622641,11,30,0.36666666666666664,0.36666666666666664,26,40,28,30,3,0.5882352941176471,0.5882352941176471,0.9090909090909091,0.3614457831325301,0.5064313253012048,0.608433734939759,0.675531914893617,0,2,0.03773584905660377,0,0
"2021-03-03","LAL",94,120,37,66,0.5606060606060606,12,27,0.4444444444444444,0.4444444444444444,10,32,42,33,3,0.43243243243243246,0.5161290322580645,0.9166666666666666,0.2903225806451613,0.4949005376344086,0.5913978494623656,0.6060606060606061,12,1,0.015151515151515152,0,0
"2021-03-04","POR",96,123,27,50,0.54,15,38,0.39473684210526316,0.39473684210526316,24,24,30,24,21,0.4444444444444444,0.48,0.5333333333333333,0.4318181818181818,0.5339528409090909,0.5625,0.6212121212121212,4,3,0.06,0,0
"2021-03-11","HOU",105,105,30,54,0.5555555555555556,11,45,0.24444444444444444,0.25,12,32,28,24,9,0.5333333333333333,0.5925925925925926,0.7272727272727273,0.45454545454545453,0.5345122448979591,0.4696969696969697,0.49065420560747663,6,5,0.09259259259259259,0,0
"2021-03-13","ATL",94,121,31,51,0.6078431372549019,12,33,0.36363636363636365,0.36363636363636365,23,28,34,21,15,0.45161290322580644,0.56,0.5833333333333334,0.39285714285714285,0.5839746987951807,0.5833333333333334,0.605,12,1,0.0196078431372549,0,0
"2021-03-15","CHA",101,122,33,64,0.515625,12,30,0.4,0.4,20,42,24,27,9,0.6363636363636364,0.7,0.75,0.3191489361702128,0.5488404255319149,0.5425531914893617,0.5825242718446602,6,6,0.09375,0,0
"2021-03-17","WAS",107,119,42,69,0.6086956521739131,4,25,0.16,0.16,23,42,42,12,0,0.5,0.525,1,0.26595744680851063,0.46171542553191486,0.5106382978723404,0.5613207547169812,4,4,0.057971014492753624,0,0
"2021-03-19","BOS",93,96,27,60,0.45,12,31,0.3870967741935484,0.4,6,28,26,24,12,0.5185185185185185,0.6086956521739131,0.6666666666666666,0.34065934065934067,0.4683116666666666,0.4945054945054945,0.5106382978723404,8,9,0.15,0,0
"2021-03-20","PHI",98,129,37,63,0.5873015873015873,11,23,0.4782608695652174,0.4782608695652174,22,28,46,30,3,0.3783783783783784,0.4375,0.9090909090909091,0.26744186046511625,0.5006540697674419,0.622093023255814,0.6464646464646465,10,2,0.031746031746031744,0,0
"2021-03-22","CLE",100,105,37,79,0.46835443037974683,4,17,0.23529411764705882,0.23529411764705882,19,40,34,6,6,0.5405405405405406,0.5882352941176471,0.5,0.17708333333333334,0.5579171875,0.4479166666666667,0.49056603773584906,6,7,0.08860759493670886,0,0
"2021-03-24","ATL",97,108,34,60,0.5666666666666667,7,25,0.28,0.28,19,24,44,15,6,0.35294117647058826,0.41379310344827586,0.7142857142857143,0.29411764705882354,0.5116809523809523,0.5235294117647059,0.5572916666666666,10,6,0.1,0,0
"2021-03-25","GSW",97,119,28,56,0.5,17,32,0.53125,0.53125,12,18,38,45,6,0.32142857142857145,0.36,0.8823529411764706,0.36363636363636365,0.49231477272727275,0.6079545454545454,0.6397849462365591,6,4,0.07142857142857142,0,0
"2021-03-27","CLE",94,98,28,58,0.4827586206896552,9,26,0.34615384615384615,0.34615384615384615,15,22,34,27,0,0.39285714285714285,0.39285714285714285,1,0.30952380952380953,0.49443511904761905,0.49404761904761907,0.5212765957446809,0,9,0.15517241379310345,0,0
"2021-03-29","SAS",97,115,37,66,0.5606060606060606,10,27,0.37037037037037035,0.37037037037037035,11,36,38,18,12,0.4864864864864865,0.5625,0.6,0.2903225806451613,0.5428956989247312,0.5591397849462365,0.5808080808080808,10,6,0.09090909090909091,0,0
"2021-03-31","SAS",102,120,33,66,0.5,10,26,0.38461538461538464,0.38461538461538464,24,28,38,30,0,0.42424242424242425,0.4375,1,0.2826086956521739,0.5620826086956522,0.5217391304347826,0.5607476635514018,2,5,0.07575757575757576,0,0
"2021-04-02","LAL",99,115,26,58,0.4482758620689655,17,33,0.5151515151515151,0.5151515151515151,12,20,32,48,3,0.38461538461538464,0.4,0.9411764705882353,0.3626373626373626,0.5266500000000001,0.5659340659340659,0.575,2,5,0.08620689655172414,0,0
"2021-04-03","MIL",101,129,39,62,0.6290322580645161,11,31,0.3548387096774194,0.36666666666666664,18,44,34,27,6,0.5641025641025641,0.5945945945945946,0.8181818181818182,0.3333333333333333,0.4987923913043478,0.5967741935483871,0.6323529411764706,4,4,0.06451612903225806,0,0
"2021-04-05","MIN",102,116,26,59,0.4406779661016949,12,32,0.375,0.375,28,28,24,24,12,0.5384615384615384,0.6363636363636364,0.6666666666666666,0.3516483516483517,0.5764857142857143,0.4835164835164835,0.5424528301886793,8,8,0.13559322033898305,0,0
"2021-04-08","DET",100,113,36,61,0.5901639344262295,8,23,0.34782608695652173,0.34782608695652173,17,34,38,21,3,0.4722222222222222,0.5151515151515151,0.875,0.27380952380952384,0.5247982142857143,0.5714285714285714,0.6141304347826086,6,4,0.06557377049180328,0,0
"2021-04-10","UTA",102,128,22,38,0.5789473684210527,18,50,0.36,0.3673469387755102,30,16,28,42,12,0.36363636363636365,0.4444444444444444,0.7777777777777778,0.5681818181818182,0.5171511494252874,0.5568181818181818,0.6105769230769231,8,3,0.07894736842105263,1,0.02
"2021-04-12","NOP",105,117,36,58,0.6206896551724138,6,19,0.3157894736842105,0.3157894736842105,27,36,36,18,0,0.5,0.5294117647058824,1,0.24675324675324675,0.5547337662337662,0.5844155844155844,0.6170212765957447,4,3,0.05172413793103448,0,0
"2021-04-14","WAS",110,123,40,66,0.6060606060606061,7,24,0.2916666666666667,0.2916666666666667,22,32,48,21,0,0.4,0.4444444444444444,1,0.26666666666666666,0.5051511111111111,0.5611111111111111,0.5891089108910891,8,7,0.10606060606060606,1,0.041666666666666664
"2021-04-15","PHX",93,122,34,48,0.7083333333333334,14,38,0.3684210526315789,0.3684210526315789,12,36,32,36,6,0.5294117647058824,0.5625,0.8571428571428571,0.4418604651162791,0.5104802325581396,0.6395348837209303,0.6559139784946236,4,4,0.08333333333333333,0,0
"2021-04-18","DAL",96,107,23,39,0.5897435897435898,16,48,0.3333333333333333,0.3333333333333333,13,6,40,36,12,0.13043478260869565,0.14285714285714285,0.75,0.5517241379310345,0.5276752873563219,0.5402298850574713,0.5520833333333334,4,3,0.07692307692307693,0,0
"2021-04-20","MIN",103,134,33,47,0.7021276595744681,18,43,0.4186046511627907,0.4186046511627907,14,40,26,42,12,0.6060606060606061,0.6666666666666666,0.7777777777777778,0.4777777777777778,0.5425833333333334,0.6666666666666666,0.6855670103092784,6,3,0.06382978723404255,0,0
"2021-04-21","MIN",97,125,31,53,0.5849056603773585,15,34,0.4411764705882353,0.4411764705882353,18,32,30,42,3,0.5161290322580645,0.6153846153846154,0.9333333333333333,0.39080459770114945,0.5271419540229886,0.6149425287356322,0.6391752577319587,10,5,0.09433962264150944,0,0
"2021-04-25","GSW",99,117,32,59,0.5423728813559322,14,36,0.3888888888888889,0.3888888888888889,11,38,26,33,9,0.59375,0.7307692307692307,0.7857142857142857,0.37894736842105264,0.5288340425531914,0.5578947368421052,0.5792079207920792,12,5,0.0847457627118644,0,0
"2021-04-26","DAL",94,106,31,50,0.62,12,42,0.2857142857142857,0.2857142857142857,8,30,32,27,9,0.4838709677419355,0.5357142857142857,0.75,0.45652173913043476,0.5223054347826087,0.532608695652174,0.5408163265306123,6,4,0.08,0,0
"2021-04-28","UTA",100,154,31,45,0.6888888888888889,24,41,0.5853658536585366,0.5853658536585366,20,26,36,69,3,0.41935483870967744,0.48148148148148145,0.9583333333333334,0.47674418604651164,0.5249877906976744,0.7790697674418605,0.8105263157894737,8,6,0.13333333333333333,0,0
"2021-04-30","LAL",98,106,35,55,0.6363636363636364,7,28,0.25,0.25,15,36,34,18,3,0.5142857142857142,0.5806451612903226,0.8571428571428571,0.3373493975903614,0.5364921686746987,0.5481927710843374,0.5706521739130435,8,2,0.03636363636363636,1,0.03571428571428571
"2021-05-02","DAL",94,99,28,46,0.6086956521739131,6,35,0.17142857142857143,0.17142857142857143,25,22,34,15,3,0.39285714285714285,0.4074074074074074,0.8333333333333334,0.43209876543209874,0.5227253086419753,0.4567901234567901,0.5210526315789473,2,1,0.021739130434782608,0,0
"2021-05-04","OKC",100,99,24,62,0.3870967741935484,11,36,0.3055555555555556,0.3142857142857143,18,24,24,27,6,0.5,0.631578947368421,0.8181818181818182,0.3673469387755102,0.5305149484536082,0.413265306122449,0.45,10,9,0.14516129032258066,1,0.027777777777777776
"2021-05-05","IND",100,93,27,58,0.46551724137931033,9,25,0.36,0.36,12,38,16,21,6,0.7037037037037037,0.76,0.7777777777777778,0.30120481927710846,0.5322138554216868,0.4879518072289157,0.510989010989011,4,7,0.1206896551724138,0,0
"2021-05-07","SAS",101,113,42,67,0.6268656716417911,4,22,0.18181818181818182,0.18181818181818182,17,32,52,12,0,0.38095238095238093,0.4,1,0.24719101123595505,0.48716348314606744,0.5393258426966292,0.5824742268041238,4,3,0.04477611940298507,0,0
"2021-05-09","OKC",100,98,23,50,0.46,11,37,0.2972972972972973,0.3055555555555556,19,24,22,33,0,0.5217391304347826,0.5714285714285714,1,0.42528735632183906,0.5280581395348837,0.4540229885057471,0.49,4,11,0.22,0,0
"2021-05-11","OKC",102,106,30,61,0.4918032786885246,9,23,0.391304347826087,0.391304347826087,19,32,28,18,9,0.5333333333333333,0.5517241379310345,0.6666666666666666,0.27380952380952384,0.5299595238095238,0.5178571428571429,0.5408163265306123,2,5,0.08196721311475409,1,0.043478260869565216
"2021-05-13","MEM",97,116,34,57,0.5964912280701754,11,33,0.3333333333333333,0.3333333333333333,15,42,26,27,6,0.6176470588235294,0.6774193548387096,0.8181818181818182,0.36666666666666664,0.48582833333333336,0.5611111111111111,0.5979381443298969,6,8,0.14035087719298245,1,0.030303030303030304
"2021-05-14","MEM",103,107,26,51,0.5098039215686274,11,33,0.3333333333333333,0.3333333333333333,22,26,26,30,3,0.5,0.5909090909090909,0.9090909090909091,0.39285714285714285,0.533825,0.5059523809523809,0.53,8,1,0.0196078431372549,1,0.030303030303030304
"2021-05-16","UTA",99,121,23,47,0.48936170212765956,18,39,0.46153846153846156,0.47368421052631576,21,24,22,48,6,0.5217391304347826,0.5714285714285714,0.8888888888888888,0.45348837209302323,0.5169152941176471,0.5813953488372093,0.6302083333333334,4,5,0.10638297872340426,0,0
"2021-10-20","POR",106,121,33,58,0.5689655172413793,12,35,0.34285714285714286,0.34285714285714286,19,26,40,36,0,0.3939393939393939,0.40625,1,0.3763440860215054,0.5744177419354839,0.5483870967741935,0.587378640776699,2,4,0.06896551724137931,0,0
"2021-10-22","UTA",103,110,21,48,0.4375,16,42,0.38095238095238093,0.38095238095238093,20,14,28,27,21,0.3333333333333333,0.4117647058823529,0.5625,0.4666666666666667,0.5206183333333333,0.5,0.55,8,5,0.10416666666666667,0,0
"2021-10-24","GSW",100,119,30,60,0.5,13,37,0.35135135135135137,0.35135135135135137,20,32,28,30,9,0.5333333333333333,0.6153846153846154,0.7692307692307693,0.38144329896907214,0.5295773195876289,0.5103092783505154,0.5509259259259259,8,4,0.06666666666666667,0,0
"2021-10-27","PHX",99,107,36,71,0.5070422535211268,6,22,0.2727272727272727,0.2857142857142857,17,38,34,12,6,0.5277777777777778,0.6129032258064516,0.6666666666666666,0.23655913978494625,0.5314467391304347,0.4838709677419355,0.5144230769230769,10,5,0.07042253521126761,1,0.045454545454545456
"2021-10-29","NOP",101,109,33,64,0.515625,9,34,0.2647058823529412,0.2647058823529412,16,22,44,21,6,0.3333333333333333,0.4074074074074074,0.7777777777777778,0.3469387755102041,0.4802607142857143,0.4744897959183674,0.5,12,5,0.078125,0,0
"2021-10-31","DAL",96,105,28,53,0.5283018867924528,12,37,0.32432432432432434,0.32432432432432434,13,30,26,27,9,0.5357142857142857,0.5555555555555556,0.75,0.4111111111111111,0.5388550561797752,0.5111111111111111,0.5303030303030303,2,2,0.03773584905660377,1,0.02702702702702703
"2021-11-02","UTA",103,119,29,50,0.58,14,48,0.2916666666666667,0.2916666666666667,19,18,40,21,21,0.3103448275862069,0.36,0.5,0.4897959183673469,0.49625255102040816,0.5102040816326531,0.5409090909090909,8,6,0.12,2,0.041666666666666664
"2021-11-03","NOP",96,99,25,52,0.4807692307692308,12,34,0.35294117647058826,0.35294117647058826,13,24,26,36,0,0.48,0.5,1,0.3953488372093023,0.5004470930232557,0.5,0.5271739130434783,2,6,0.11538461538461539,1,0.029411764705882353
"2021-11-05","CHA",103,110,32,57,0.5614035087719298,11,35,0.3142857142857143,0.3142857142857143,13,38,26,30,3,0.59375,0.6129032258064516,0.9090909090909091,0.3804347826086957,0.5231076086956522,0.5271739130434783,0.5445544554455446,2,1,0.017543859649122806,0,0
"2021-11-07","IND",93,94,31,58,0.5344827586206896,6,25,0.24,0.24,14,20,42,9,9,0.3225806451612903,0.3448275862068966,0.5,0.30120481927710846,0.4783518072289157,0.4819277108433735,0.5108695652173914,4,6,0.10344827586206896,0,0
"2021-11-08","PHX",103,109,32,63,0.5079365079365079,12,30,0.4,0.41379310344827586,9,32,32,36,0,0.5,0.5517241379310345,1,0.3225806451612903,0.4621298913043478,0.5376344086021505,0.5561224489795918,6,6,0.09523809523809523,0,0
"2021-11-10","SAS",102,136,31,60,0.5166666666666667,18,32,0.5625,0.5625,20,32,30,54,0,0.5161290322580645,0.5714285714285714,1,0.34782608695652173,0.5378054347826087,0.6304347826086957,0.6355140186915887,6,6,0.1,0,0
"2021-11-12","OKC",98,105,32,69,0.463768115942029,10,30,0.3333333333333333,0.3333333333333333,11,14,50,18,12,0.21875,0.25925925925925924,0.6,0.30303030303030304,0.5565424242424243,0.47474747474747475,0.5,10,7,0.10144927536231885,0,0
"2021-11-15","DET",103,107,26,49,0.5306122448979592,13,47,0.2765957446808511,0.2765957446808511,16,26,26,30,9,0.5,0.5416666666666666,0.7692307692307693,0.4895833333333333,0.49931875000000003,0.4739583333333333,0.5194174757281553,4,4,0.08163265306122448,1,0.02127659574468085
"2021-11-17","MIN",93,107,31,46,0.6739130434782609,10,36,0.2777777777777778,0.2857142857142857,15,26,36,21,9,0.41935483870967744,0.43333333333333335,0.7,0.43902439024390244,0.5789493827160493,0.5609756097560976,0.5944444444444444,2,3,0.06521739130434782,0,0
"2021-11-19","TOR",95,108,26,53,0.49056603773584906,12,31,0.3870967741935484,0.3870967741935484,20,18,34,33,3,0.34615384615384615,0.375,0.9166666666666666,0.36904761904761907,0.5214279761904762,0.5238095238095238,0.5684210526315789,4,4,0.07547169811320754,0,0
"2021-11-20","UTA",95,123,29,52,0.5576923076923077,17,39,0.4358974358974359,0.4594594594594595,14,18,40,33,18,0.3103448275862069,0.36,0.6470588235294118,0.42857142857142855,0.5074820224719101,0.5989010989010989,0.6224489795918368,8,5,0.09615384615384616,0,0
"2021-11-22","PHI",92,102,27,53,0.5094339622641509,9,32,0.28125,0.28125,21,20,34,27,0,0.37037037037037035,0.4,1,0.3764705882352941,0.5151105882352941,0.4764705882352941,0.5204081632653061,4,0,0,0,0
"2021-11-24","POR",101,121,32,56,0.5714285714285714,12,38,0.3157894736842105,0.3157894736842105,21,36,28,27,9,0.5625,0.6666666666666666,0.75,0.40425531914893614,0.5137999999999999,0.5319148936170213,0.5776699029126213,10,4,0.07142857142857142,0,0
"2021-11-26","LAL",123,137,36,58,0.6206896551724138,15,44,0.3409090909090909,0.3409090909090909,20,34,38,45,0,0.4722222222222222,0.4857142857142857,1,0.43137254901960786,0.5126200980392157,0.5735294117647058,0.6008771929824561,2,4,0.06896551724137931,0,0
"2021-11-28","MEM",106,128,37,65,0.5692307692307692,13,39,0.3333333333333333,0.3333333333333333,15,36,38,36,3,0.4864864864864865,0.5625,0.9230769230769231,0.375,0.5572716346153845,0.5432692307692307,0.5714285714285714,10,8,0.12307692307692308,0,0
"2021-11-30","LAL",97,117,35,64,0.546875,11,28,0.39285714285714285,0.37037037037037035,14,26,44,24,9,0.37142857142857144,0.3939393939393939,0.7272727272727273,0.30434782608695654,0.5081722222222222,0.5597826086956522,0.5858585858585859,4,4,0.0625,0,0
"2021-12-01","LAC",99,115,38,69,0.5507246376811594,9,31,0.2903225806451613,0.2903225806451613,12,52,24,27,0,0.6842105263157895,0.7222222222222222,1,0.31,0.5257955,0.515,0.5424528301886793,4,1,0.014492753623188406,0,0
"2021-12-04","LAC",101,99,21,55,0.38181818181818183,13,34,0.38235294117647056,0.38235294117647056,18,26,16,30,9,0.6190476190476191,0.7222222222222222,0.7692307692307693,0.38202247191011235,0.5120601123595505,0.4550561797752809,0.495,6,7,0.12727272727272726,1,0.029411764705882353
"2021-12-08","ORL",100,130,32,63,0.5079365079365079,16,34,0.47058823529411764,0.48484848484848486,18,38,26,30,18,0.59375,0.6551724137931034,0.625,0.35051546391752575,0.4933135416666667,0.5773195876288659,0.6084905660377359,6,5,0.07936507936507936,2,0.058823529411764705
"2021-12-10","CHA",99,124,34,52,0.6538461538461539,14,35,0.4,0.4,14,32,36,39,3,0.47058823529411764,0.5161290322580645,0.9285714285714286,0.40229885057471265,0.5431672413793104,0.632183908045977,0.6526315789473685,6,4,0.07692307692307693,0,0
"2021-12-11","CLE",106,117,29,57,0.5087719298245614,12,31,0.3870967741935484,0.3870967741935484,23,34,24,30,6,0.5862068965517241,0.6296296296296297,0.8333333333333334,0.3522727272727273,0.5588563218390804,0.5340909090909091,0.575,4,6,0.10526315789473684,0,0
"2021-12-13","TOR",100,124,42,67,0.6268656716417911,11,31,0.3548387096774194,0.3548387096774194,7,34,50,33,0,0.40476190476190477,0.4358974358974359,1,0.3163265306122449,0.5058367346938776,0.5969387755102041,0.6078431372549019,6,3,0.04477611940298507,1,0.03225806451612903
"2021-12-15","WAS",98,105,37,65,0.5692307692307692,5,24,0.20833333333333334,0.20833333333333334,16,32,42,12,3,0.43243243243243246,0.47058823529411764,0.8,0.2696629213483146,0.5007915730337079,0.5,0.5412371134020618,6,5,0.07692307692307693,1,0.041666666666666664
"2021-12-17","MEM",105,124,32,73,0.4383561643835616,13,24,0.5416666666666666,0.5416666666666666,21,30,34,30,9,0.46875,0.5172413793103449,0.7692307692307693,0.24742268041237114,0.5123216494845361,0.5309278350515464,0.5636363636363636,6,6,0.0821917808219178,0,0
"2021-12-19","SAS",96,114,33,66,0.5,12,25,0.48,0.48,12,26,40,33,3,0.3939393939393939,0.43333333333333335,0.9166666666666666,0.27472527472527475,0.504117032967033,0.5604395604395604,0.5876288659793815,6,3,0.045454545454545456,0,0
"2021-12-20","GSW",97,113,31,51,0.6078431372549019,15,37,0.40540540540540543,0.4166666666666667,6,30,32,39,6,0.4838709677419355,0.5555555555555556,0.8666666666666667,0.42045454545454547,0.5053155172413792,0.6079545454545454,0.6208791208791209,8,3,0.058823529411764705,0,0
"2021-12-22","LAC",96,105,35,58,0.603448275862069,7,24,0.2916666666666667,0.2916666666666667,14,42,28,15,6,0.6,0.6,0.7142857142857143,0.2926829268292683,0.5270402439024391,0.5548780487804879,0.5786516853932584,0,4,0.06896551724137931,1,0.041666666666666664
"2021-12-26","MEM",100,127,38,70,0.5428571428571428,9,30,0.3,0.3,24,48,28,27,0,0.631578947368421,0.6857142857142857,1,0.3,0.5246014999999999,0.515,0.5630630630630631,6,9,0.12857142857142856,0,0
"2021-12-28","OKC",105,111,24,57,0.42105263157894735,11,33,0.3333333333333333,0.3333333333333333,30,12,36,30,3,0.25,0.2857142857142857,0.9090909090909091,0.36666666666666664,0.5157655555555556,0.45,0.5235849056603774,6,7,0.12280701754385964,2,0.06060606060606061
"2021-12-29","DAL",88,94,29,57,0.5087719298245614,9,24,0.375,0.375,9,30,28,24,3,0.5172413793103449,0.5769230769230769,0.8888888888888888,0.2962962962962963,0.5030493827160494,0.5246913580246914,0.5340909090909091,6,2,0.03508771929824561,0,0
"2021-12-31","DAL",93,112,33,59,0.559322033898305,9,22,0.4090909090909091,0.4090909090909091,19,44,22,24,3,0.6666666666666666,0.6875,0.8888888888888888,0.2716049382716049,0.516916049382716,0.5740740740740741,0.6166666666666667,2,4,0.06779661016949153,0,0
"2022-01-02","MIA",97,113,37,72,0.5138888888888888,9,33,0.2727272727272727,0.28125,12,40,34,18,9,0.5405405405405406,0.5714285714285714,0.6666666666666666,0.3142857142857143,0.4916490384615385,0.48095238095238096,0.5136363636363637,4,2,0.027777777777777776,0,0
"2022-01-04","LAL",97,122,38,67,0.5671641791044776,11,32,0.34375,0.3548387096774194,13,30,46,27,6,0.39473684210526316,0.46875,0.8181818181818182,0.32323232323232326,0.5073316326530612,0.5505050505050505,0.5648148148148148,12,3,0.04477611940298507,0,0
"2022-01-05","ATL",98,108,31,56,0.5535714285714286,8,30,0.26666666666666666,0.27586206896551724,22,26,36,21,3,0.41935483870967744,0.4482758620689655,0.875,0.3488372093023256,0.49538647058823526,0.5,0.5454545454545454,4,1,0.017857142857142856,0,0
"2022-01-07","DEN",99,121,35,51,0.6862745098039216,12,34,0.35294117647058826,0.35294117647058826,15,46,24,27,9,0.6571428571428571,0.6571428571428571,0.75,0.4,0.5288711764705882,0.6235294117647059,0.6368421052631579,0,2,0.0392156862745098,1,0.029411764705882353
"2022-01-09","POR",98,103,20,48,0.4166666666666667,17,40,0.425,0.4358974358974359,12,24,16,42,9,0.6,0.6,0.8235294117647058,0.45454545454545453,0.5542558139534883,0.5170454545454546,0.5478723404255319,0,5,0.10416666666666667,0,0
"2022-01-10","CLE",95,109,33,53,0.6226415094339622,10,34,0.29411764705882354,0.29411764705882354,13,42,24,24,6,0.6363636363636364,0.6774193548387096,0.8,0.39080459770114945,0.49507528735632184,0.5517241379310345,0.5806451612903226,4,2,0.03773584905660377,1,0.029411764705882353
"2022-01-12","LAL",100,116,26,51,0.5098039215686274,16,47,0.3404255319148936,0.3404255319148936,16,24,28,39,9,0.46153846153846156,0.5217391304347826,0.8125,0.47959183673469385,0.5183836734693877,0.5102040816326531,0.5321100917431193,6,6,0.11764705882352941,1,0.02127659574468085
"2022-01-14","HOU",106,114,31,58,0.5344827586206896,13,43,0.3023255813953488,0.3023255813953488,13,32,30,27,12,0.5161290322580645,0.6153846153846154,0.6923076923076923,0.42574257425742573,0.5104821782178218,0.5,0.5428571428571428,10,7,0.1206896551724138,0,0
"2022-01-16","HOU",103,118,25,36,0.6944444444444444,16,40,0.4,0.4,20,20,30,36,12,0.4,0.4,0.75,0.5263157894736842,0.5254690789473685,0.6447368421052632,0.6882352941176471,0,2,0.05555555555555555,0,0
"2022-01-19","DET",97,133,31,55,0.5636363636363636,15,36,0.4166666666666667,0.42857142857142855,26,28,34,39,6,0.45161290322580644,0.56,0.8666666666666667,0.3956043956043956,0.49040277777777774,0.5879120879120879,0.6298076923076923,12,8,0.14545454545454545,0,0
"2022-01-22","MIL",100,133,24,49,0.4897959183673469,21,42,0.5,0.5121951219512195,22,18,30,30,33,0.375,0.391304347826087,0.47619047619047616,0.46153846153846156,0.5232238888888889,0.6098901098901099,0.6456310679611651,2,2,0.04081632653061224,0,0
"2022-01-25","BOS",96,128,31,58,0.5344827586206896,20,45,0.4444444444444444,0.4444444444444444,6,32,30,48,12,0.5161290322580645,0.6153846153846154,0.8,0.4368932038834951,0.49894660194174756,0.5922330097087378,0.6095238095238096,10,8,0.13793103448275862,0,0
"2022-01-26","ATL",100,121,36,54,0.6666666666666666,12,36,0.3333333333333333,0.3333333333333333,13,40,32,27,9,0.5555555555555556,0.5882352941176471,0.75,0.4,0.5611061111111111,0.6,0.6237113402061856,4,2,0.037037037037037035,1,0.027777777777777776
"2022-01-29","PHI",93,103,24,40,0.6,12,30,0.4,0.4,19,28,20,30,6,0.5833333333333334,0.5833333333333334,0.8333333333333334,0.42857142857142855,0.5217914285714286,0.6,0.64375,0,2,0.05,0,0
"2022-01-31","NYK",100,116,27,45,0.6,13,35,0.37142857142857144,0.37142857142857144,23,32,22,27,12,0.5925925925925926,0.64,0.6923076923076923,0.4375,0.579340625,0.58125,0.6304347826086957,4,4,0.08888888888888889,1,0.02857142857142857
"2022-02-02","BKN",94,101,33,59,0.559322033898305,8,25,0.32,0.32,11,32,34,18,6,0.48484848484848486,0.5925925925925926,0.75,0.2976190476190476,0.5101214285714286,0.5357142857142857,0.5611111111111111,12,6,0.1016949152542373,1,0.04
"2022-02-03","GSW",97,126,27,42,0.6428571428571429,20,42,0.47619047619047616,0.4878048780487805,12,22,32,48,12,0.4074074074074074,0.4230769230769231,0.8,0.5,0.509448795180723,0.6785714285714286,0.6847826086956522,2,3,0.07142857142857142,0,0
"2022-02-05","OKC",100,103,33,57,0.5789473684210527,9,30,0.3,0.3,10,28,38,27,0,0.42424242424242425,0.45161290322580644,1,0.3448275862068966,0.49702528735632184,0.5344827586206896,0.553763440860215,4,4,0.07017543859649122,0,0
"2022-02-08","MIN",106,134,28,60,0.4666666666666667,22,44,0.5,0.5,12,26,30,63,3,0.4642857142857143,0.5652173913043478,0.9545454545454546,0.4230769230769231,0.5430072115384615,0.5865384615384616,0.5982142857142857,10,3,0.05,0,0
"2022-02-09","MIN",103,119,28,52,0.5384615384615384,16,46,0.34782608695652173,0.34782608695652173,15,30,26,39,9,0.5357142857142857,0.5769230769230769,0.8125,0.46938775510204084,0.5183928571428572,0.5306122448979592,0.5571428571428572,4,6,0.11538461538461539,1,0.021739130434782608
"2022-02-12","WAS",95,110,28,50,0.56,13,38,0.34210526315789475,0.35135135135135137,15,30,26,33,6,0.5357142857142857,0.6818181818181818,0.8461538461538461,0.4318181818181818,0.49034597701149424,0.5397727272727273,0.5612244897959183,12,1,0.02,1,0.02631578947368421
"2022-02-14","BKN",101,109,34,58,0.5862068965517241,9,26,0.34615384615384615,0.34615384615384615,14,34,34,24,3,0.5,0.53125,0.8888888888888888,0.30952380952380953,0.5028696428571429,0.5654761904761905,0.6055555555555555,4,3,0.05172413793103448,1,0.038461538461538464
"2022-02-16","CHI",101,125,35,65,0.5384615384615384,12,29,0.41379310344827586,0.41379310344827586,19,26,44,36,0,0.37142857142857144,0.41935483870967744,1,0.30851063829787234,0.5514053191489361,0.5638297872340425,0.6067961165048543,8,3,0.046153846153846156,0,0
"2022-02-24","DEN",103,128,33,51,0.6470588235294118,15,35,0.42857142857142855,0.42857142857142855,17,36,30,36,9,0.5454545454545454,0.5625,0.8,0.4069767441860465,0.5075906976744186,0.6453488372093024,0.6808510638297872,2,6,0.11764705882352941,2,0.05714285714285714
"2022-02-26","DEN",103,115,22,39,0.5641025641025641,16,43,0.37209302325581395,0.37209302325581395,23,30,14,42,6,0.6818181818181818,0.75,0.875,0.524390243902439,0.4970689024390244,0.5609756097560976,0.5989583333333334,4,3,0.07692307692307693,0,0
"2022-02-28","OKC",104,110,29,51,0.5686274509803921,11,35,0.3142857142857143,0.3235294117647059,19,36,22,30,3,0.6206896551724138,0.6206896551724138,0.9090909090909091,0.4069767441860465,0.4637464705882353,0.5290697674418605,0.5555555555555556,0,5,0.09803921568627451,1,0.02857142857142857
"2022-03-02","NOP",98,125,41,59,0.6949152542372882,11,29,0.3793103448275862,0.3793103448275862,10,40,42,30,3,0.4878048780487805,0.4878048780487805,0.9090909090909091,0.32954545454545453,0.5277346590909091,0.6534090909090909,0.6793478260869565,0,4,0.06779661016949153,0,0
"2022-03-03","SAS",105,112,34,61,0.5573770491803278,12,32,0.375,0.375,8,38,30,27,9,0.5588235294117647,0.6129032258064516,0.75,0.34408602150537637,0.555225,0.5591397849462365,0.5544554455445545,6,2,0.03278688524590164,0,0
"2022-03-05","DAL",95,114,26,48,0.5416666666666666,14,36,0.3888888888888889,0.3888888888888889,20,20,32,36,6,0.38461538461538464,0.4166666666666667,0.8571428571428571,0.42857142857142855,0.5341815476190477,0.5595238095238095,0.59375,4,1,0.020833333333333332,0,0
"2022-03-07","NYK",100,131,29,50,0.58,18,42,0.42857142857142855,0.42857142857142855,19,18,40,30,24,0.3103448275862069,0.3333333333333333,0.5555555555555556,0.45652173913043476,0.5108092391304347,0.6086956521739131,0.6274509803921569,4,2,0.04,0,0
"2022-03-09","DEN",97,106,31,47,0.6595744680851063,9,35,0.2571428571428571,0.2647058823529412,17,34,28,27,0,0.5483870967741935,0.5862068965517241,1,0.4268292682926829,0.506429012345679,0.5426829268292683,0.5898876404494382,4,3,0.06382978723404255,2,0.05714285714285714
"2022-03-12","UTA",98,134,32,45,0.7111111111111111,16,41,0.3902439024390244,0.3902439024390244,22,20,44,33,15,0.3125,0.35714285714285715,0.6875,0.47674418604651164,0.4861802325581396,0.6511627906976745,0.665,8,3,0.06666666666666667,0,0
"2022-03-14","CHI",99,103,26,54,0.48148148148148145,10,34,0.29411764705882354,0.30303030303030304,21,28,24,24,6,0.5384615384615384,0.5384615384615384,0.8,0.38636363636363635,0.508433908045977,0.4659090909090909,0.5255102040816326,0,3,0.05555555555555555,0,0
"2022-03-16","MIL",108,135,29,54,0.5370370370370371,18,35,0.5142857142857142,0.5142857142857142,23,22,36,30,24,0.3793103448275862,0.4230769230769231,0.5555555555555556,0.39325842696629215,0.5122443820224719,0.6292134831460674,0.6442307692307693,6,5,0.09259259259259259,0,0
"2022-03-18","BOS",95,126,24,42,0.5714285714285714,22,40,0.55,0.5641025641025641,12,28,20,57,9,0.5833333333333334,0.6363636363636364,0.8636363636363636,0.4878048780487805,0.5494253086419754,0.6951219512195121,0.6944444444444444,4,6,0.14285714285714285,0,0
"2022-03-20","PHX",111,127,34,64,0.53125,12,28,0.42857142857142855,0.42857142857142855,23,30,38,30,6,0.4411764705882353,0.5,0.8333333333333334,0.30434782608695654,0.4958771739130435,0.5652173913043478,0.6105769230769231,8,2,0.03125,0,0
"2022-03-23","IND",99,109,28,55,0.509090909090909,14,36,0.3888888888888889,0.3888888888888889,11,40,16,42,0,0.7142857142857143,0.7692307692307693,1,0.3956043956043956,0.5287934065934066,0.5384615384615384,0.5677083333333334,4,3,0.05454545454545454,0,0
"2022-03-26","ORL",106,110,32,70,0.45714285714285713,13,36,0.3611111111111111,0.3611111111111111,7,32,32,33,6,0.5,0.5517241379310345,0.8461538461538461,0.33962264150943394,0.4909193396226415,0.4858490566037736,0.5092592592592593,6,4,0.05714285714285714,0,0
"2022-03-28","MIA",94,123,30,50,0.6,19,40,0.475,0.48717948717948717,6,28,32,48,9,0.4666666666666667,0.5384615384615384,0.8421052631578947,0.4444444444444444,0.5530337078651685,0.65,0.6684782608695652,8,2,0.04,0,0
"2022-03-30","HOU",103,118,30,52,0.5769230769230769,13,42,0.30952380952380953,0.3170731707317073,19,30,30,24,15,0.5,0.5769230769230769,0.6153846153846154,0.44680851063829785,0.5587887096774193,0.526595744680851,0.5673076923076923,8,9,0.17307692307692307,1,0.023809523809523808
"2022-04-01","HOU",99,117,24,52,0.46153846153846156,17,45,0.37777777777777777,0.38636363636363635,18,30,18,33,18,0.625,0.6818181818181818,0.6470588235294118,0.4639175257731959,0.5703625,0.5103092783505154,0.5370370370370371,4,11,0.21153846153846154,0,0
"2022-04-03","GSW",95,109,25,45,0.5555555555555556,16,34,0.47058823529411764,0.47058823529411764,11,32,18,39,9,0.64,0.6666666666666666,0.8125,0.43037974683544306,0.5360563291139241,0.620253164556962,0.627906976744186,2,1,0.022222222222222223,0,0
"2022-04-05","NOP",98,123,33,63,0.5238095238095238,12,25,0.48,0.48,21,30,36,33,3,0.45454545454545453,0.5172413793103449,0.9166666666666666,0.2840909090909091,0.5186755681818181,0.5795454545454546,0.6224489795918368,8,3,0.047619047619047616,0,0
"2022-04-09","LAC",98,117,21,43,0.4883720930232558,21,43,0.4883720930232558,0.4883720930232558,12,30,12,42,21,0.7142857142857143,0.7894736842105263,0.6666666666666666,0.5,0.5392959302325582,0.6104651162790697,0.6304347826086957,4,2,0.046511627906976744,0,0
"2022-04-10","PHX",98,109,28,56,0.5,14,47,0.2978723404255319,0.30434782608695654,11,28,28,39,3,0.5,0.56,0.9285714285714286,0.4563106796116505,0.5388122549019607,0.47572815533980584,0.4954128440366973,6,7,0.125,0,0
"2022-10-19","POR",101,115,28,60,0.4666666666666667,11,28,0.39285714285714285,0.39285714285714285,26,20,36,30,3,0.35714285714285715,0.43478260869565216,0.9090909090909091,0.3181818181818182,0.5416681818181819,0.5056818181818182,0.5588235294117647,10,5,0.08333333333333333,0,0
"2022-10-22","LAC",97,111,32,59,0.5423728813559322,9,22,0.4090909090909091,0.42857142857142855,20,36,28,18,9,0.5625,0.6,0.6666666666666666,0.2716049382716049,0.5053412500000001,0.5617283950617284,0.6098901098901099,4,5,0.0847457627118644,0,0
"2022-10-23","GSW",109,130,31,54,0.5740740740740741,14,33,0.42424242424242425,0.42424242424242425,26,34,28,21,21,0.5483870967741935,0.5862068965517241,0.5,0.3793103448275862,0.4808005747126437,0.5977011494252874,0.625,4,2,0.037037037037037035,0,0
"2022-10-27","MEM",99,125,35,59,0.5932203389830508,14,33,0.42424242424242425,0.42424242424242425,13,32,38,33,9,0.45714285714285713,0.47058823529411764,0.7857142857142857,0.358695652173913,0.5307809782608696,0.6086956521739131,0.6313131313131313,2,2,0.03389830508474576,0,0
"2022-10-29","MIA",99,113,27,61,0.4426229508196721,11,28,0.39285714285714285,0.4074074074074074,26,22,32,21,12,0.4074074074074074,0.44,0.6363636363636364,0.3146067415730337,0.5059272727272727,0.4887640449438202,0.5485436893203883,4,5,0.08196721311475409,1,0.03571428571428571
"2022-10-31","CHA",102,108,29,55,0.5272727272727272,14,29,0.4827586206896552,0.4827586206896552,8,36,22,39,3,0.6206896551724138,0.6666666666666666,0.9285714285714286,0.34523809523809523,0.5337726190476191,0.5952380952380952,0.5934065934065934,4,4,0.07272727272727272,0,0
"2022-11-02","MIA",94,110,33,55,0.6,11,34,0.3235294117647059,0.3235294117647059,11,40,26,21,12,0.6060606060606061,0.6451612903225806,0.6363636363636364,0.38202247191011235,0.511282584269663,0.5561797752808989,0.5789473684210527,4,3,0.05454545454545454,0,0
"2022-11-05","ORL",108,123,46,69,0.6666666666666666,4,23,0.17391304347826086,0.18181818181818182,19,46,46,12,0,0.5,0.5111111111111111,1,0.25,0.49909780219780225,0.5652173913043478,0.61,2,4,0.057971014492753624,0,0
"2022-11-07","GSW",103,116,30,50,0.6,14,38,0.3684210526315789,0.3684210526315789,14,38,22,27,15,0.6333333333333333,0.6785714285714286,0.6428571428571429,0.4318181818181818,0.4794693181818182,0.5795454545454546,0.5979381443298969,4,0,0,0,0
"2022-11-09","CLE",96,120,35,60,0.5833333333333334,11,26,0.4230769230769231,0.44,17,32,38,24,9,0.45714285714285713,0.5,0.7272727272727273,0.3023255813953488,0.5176529411764706,0.5988372093023255,0.631578947368421,6,4,0.06666666666666667,0,0
"2022-11-11","LAL",97,114,32,63,0.5079365079365079,10,25,0.4,0.4,20,28,36,24,6,0.4375,0.4666666666666667,0.8,0.2840909090909091,0.5001755681818182,0.5340909090909091,0.565,4,4,0.06349206349206349,0,0
"2022-11-13","GSW",104,115,26,43,0.6046511627906976,16,47,0.3404255319148936,0.3404255319148936,15,26,26,42,6,0.5,0.5652173913043478,0.875,0.5222222222222223,0.5216444444444445,0.5555555555555556,0.5989583333333334,6,1,0.023255813953488372,1,0.02127659574468085
"2022-11-15","BKN",109,121,29,53,0.5471698113207547,11,28,0.39285714285714285,0.39285714285714285,30,30,28,30,3,0.5172413793103449,0.5172413793103449,0.9090909090909091,0.345679012345679,0.5226907407407407,0.5617283950617284,0.6263157894736842,0,4,0.07547169811320754,0,0
"2022-11-17","SAS",99,112,35,58,0.603448275862069,11,26,0.4230769230769231,0.44,9,36,34,33,0,0.5142857142857142,0.5294117647058824,1,0.30952380952380953,0.501427108433735,0.6130952380952381,0.6306818181818182,2,1,0.017241379310344827,0,0
"2022-11-20","DET",99,129,32,60,0.5333333333333333,15,29,0.5172413793103449,0.5172413793103449,20,18,46,33,12,0.28125,0.34615384615384615,0.7333333333333333,0.3258426966292135,0.5027421348314607,0.6123595505617978,0.654639175257732,12,0,0,0,0
"2022-11-22","MEM",107,109,33,61,0.5409836065573771,8,30,0.26666666666666666,0.26666666666666666,19,36,30,24,0,0.5454545454545454,0.5806451612903226,1,0.32967032967032966,0.5441016666666667,0.4945054945054945,0.529126213592233,4,2,0.03278688524590164,0,0
"2022-11-23","ATL",103,115,30,62,0.4838709677419355,11,30,0.36666666666666664,0.36666666666666664,22,30,30,24,9,0.5,0.5172413793103449,0.7272727272727273,0.32608695652173914,0.5139097826086957,0.5054347826086957,0.5643564356435643,2,2,0.03225806451612903,0,0
"2022-11-25","BOS",99,122,25,46,0.5434782608695652,16,37,0.43243243243243246,0.43243243243243246,24,28,22,39,9,0.56,0.56,0.8125,0.4457831325301205,0.5288692771084337,0.5903614457831325,0.6382978723404256,0,4,0.08695652173913043,0,0
"2022-11-28","PHX",104,122,40,62,0.6451612903225806,10,32,0.3125,0.3125,12,34,46,27,3,0.425,0.5,0.9,0.3404255319148936,0.5104287234042553,0.5851063829787234,0.61,12,5,0.08064516129032258,2,0.0625
"2022-11-30","IND",113,114,28,63,0.4444444444444444,12,37,0.32432432432432434,0.32432432432432434,22,36,20,30,6,0.6428571428571429,0.6923076923076923,0.8333333333333334,0.37,0.527748,0.46,0.5044642857142857,4,5,0.07936507936507936,0,0
"2022-12-03","LAC",100,96,24,60,0.4,9,33,0.2727272727272727,0.28125,21,18,30,18,9,0.375,0.47368421052631576,0.6666666666666666,0.3548387096774194,0.49935815217391305,0.4032258064516129,0.46153846153846156,10,6,0.1,0,0
"2022-12-04","CHI",101,101,29,61,0.47540983606557374,9,25,0.36,0.36,16,18,40,24,3,0.3103448275862069,0.34615384615384615,0.8888888888888888,0.29069767441860467,0.5079197674418605,0.4941860465116279,0.5376344086021505,6,2,0.03278688524590164,0,0
"2022-12-07","MIL",95,126,32,63,0.5079365079365079,14,33,0.42424242424242425,0.42424242424242425,20,42,22,39,3,0.65625,0.7241379310344828,0.9285714285714286,0.34375,0.5280401041666667,0.5520833333333334,0.5887850467289719,6,4,0.06349206349206349,0,0
"2022-12-09","CLE",97,95,24,49,0.4897959183673469,10,30,0.3333333333333333,0.3333333333333333,17,28,20,18,12,0.5833333333333334,0.6086956521739131,0.6,0.379746835443038,0.548976582278481,0.4936708860759494,0.5397727272727273,2,5,0.10204081632653061,0,0
"2022-12-11","NYK",103,112,32,54,0.5925925925925926,8,35,0.22857142857142856,0.22857142857142856,24,26,38,18,6,0.40625,0.43333333333333335,0.75,0.39325842696629215,0.5513196629213484,0.4943820224719101,0.56,4,0,0,0,0
"2022-12-13","PHI",103,123,27,49,0.5510204081632653,16,35,0.45714285714285713,0.45714285714285713,21,42,12,39,9,0.7777777777777778,0.84,0.8125,0.4166666666666667,0.544257738095238,0.6071428571428571,0.6421052631578947,4,4,0.08163265306122448,0,0
"2022-12-14","TOR",101,123,41,73,0.5616438356164384,6,21,0.2857142857142857,0.2857142857142857,23,42,40,12,6,0.5121951219512195,0.5833333333333334,0.6666666666666666,0.22340425531914893,0.5094335106382979,0.5319148936170213,0.5660377358490566,10,3,0.0410958904109589,0,0
"2022-12-16","DET",100,113,29,56,0.5178571428571429,10,29,0.3448275862068966,0.3448275862068966,25,26,32,27,3,0.4482758620689655,0.52,0.9,0.3411764705882353,0.48857411764705877,0.5176470588235295,0.576530612244898,8,1,0.017857142857142856,0,0
"2022-12-19","CHA",105,125,39,64,0.609375,10,31,0.3225806451612903,0.3225806451612903,17,40,38,18,12,0.5128205128205128,0.6060606060606061,0.6,0.3263157894736842,0.5300768421052632,0.5684210526315789,0.5952380952380952,12,2,0.03125,0,0
"2022-12-21","LAL",105,120,31,60,0.5166666666666667,11,24,0.4583333333333333,0.4583333333333333,25,30,32,30,3,0.4838709677419355,0.5,0.9090909090909091,0.2857142857142857,0.5137416666666667,0.5654761904761905,0.6210526315789474,2,2,0.03333333333333333,0,0
"2022-12-23","WAS",100,125,39,56,0.6964285714285714,10,32,0.3125,0.3125,17,42,36,27,3,0.5384615384615384,0.5675675675675675,0.9,0.36363636363636365,0.5429107954545455,0.6136363636363636,0.6443298969072165,4,2,0.03571428571428571,0,0
"2022-12-27","DEN",97,113,28,49,0.5714285714285714,13,37,0.35135135135135137,0.3611111111111111,18,44,12,36,3,0.7857142857142857,0.7857142857142857,0.9230769230769231,0.43023255813953487,0.5209964705882353,0.5523255813953488,0.5894736842105263,0,2,0.04081632653061224,0,0
"2022-12-28","DEN",98,126,37,58,0.6379310344827587,12,27,0.4444444444444444,0.46153846153846156,16,40,34,33,3,0.5405405405405406,0.5714285714285714,0.9166666666666666,0.3176470588235294,0.49456666666666665,0.6470588235294118,0.6720430107526881,4,6,0.10344827586206896,0,0
"2022-12-30","UTA",100,125,38,52,0.7307692307692307,8,32,0.25,0.25,25,44,32,24,0,0.5789473684210527,0.6285714285714286,1,0.38095238095238093,0.5398916666666667,0.5952380952380952,0.6510416666666666,6,1,0.019230769230769232,2,0.0625
"2023-01-01","MEM",98,118,36,68,0.5294117647058824,10,32,0.3125,0.3125,16,34,38,24,6,0.4722222222222222,0.5,0.8,0.32,0.5316545454545455,0.51,0.5363636363636364,4,4,0.058823529411764705,0,0
"2023-01-03","UTA",100,115,25,44,0.5681818181818182,13,44,0.29545454545454547,0.29545454545454547,26,22,28,30,9,0.44,0.5238095238095238,0.7692307692307693,0.5,0.5092102272727272,0.5056818181818182,0.575,8,3,0.06818181818181818,1,0.022727272727272728
"2023-01-04","ATL",101,120,35,54,0.6481481481481481,10,30,0.3333333333333333,0.3333333333333333,20,26,44,24,6,0.37142857142857144,0.3939393939393939,0.8,0.35714285714285715,0.5147458333333333,0.5952380952380952,0.6382978723404256,4,3,0.05555555555555555,0,0
"2023-01-07","LAL",100,136,41,61,0.6721311475409836,9,21,0.42857142857142855,0.45,27,40,42,18,9,0.4878048780487805,0.5263157894736842,0.6666666666666666,0.25609756097560976,0.5117746913580247,0.6646341463414634,0.703125,6,3,0.04918032786885246,1,0.047619047619047616
"2023-01-09","ORL",102,111,27,46,0.5869565217391305,14,44,0.3181818181818182,0.3181818181818182,15,22,32,39,3,0.4074074074074074,0.44,0.9285714285714286,0.4888888888888889,0.5128427777777778,0.5333333333333333,0.5555555555555556,4,1,0.021739130434782608,0,0
"2023-01-11","HOU",104,115,28,55,0.509090909090909,16,41,0.3902439024390244,0.3902439024390244,11,30,26,45,3,0.5357142857142857,0.6,0.9375,0.4270833333333333,0.52828,0.5416666666666666,0.558252427184466,6,3,0.05454545454545454,1,0.024390243902439025
"2023-01-13","HOU",98,114,31,54,0.5740740740740741,12,37,0.32432432432432434,0.3333333333333333,16,32,30,21,15,0.5161290322580645,0.64,0.5833333333333334,0.4065934065934066,0.5148638888888889,0.5384615384615384,0.5643564356435643,12,7,0.12962962962962962,1,0.02702702702702703
"2023-01-15","SAS",95,119,38,67,0.5671641791044776,10,26,0.38461538461538464,0.38461538461538464,13,36,40,27,3,0.47368421052631576,0.5454545454545454,0.9,0.27956989247311825,0.553355376344086,0.5698924731182796,0.5841584158415841,10,2,0.029850746268656716,0,0
"2023-01-18","LAL",94,111,32,55,0.5818181818181818,11,34,0.3235294117647059,0.3235294117647059,14,34,30,27,6,0.53125,0.5862068965517241,0.8181818181818182,0.38202247191011235,0.505735393258427,0.5449438202247191,0.5670103092783505,6,4,0.07272727272727272,1,0.029411764705882353
"2023-01-20","OKC",97,113,29,53,0.5471698113207547,16,40,0.4,0.4,7,18,40,36,12,0.3103448275862069,0.3103448275862069,0.75,0.43010752688172044,0.5114311827956989,0.5698924731182796,0.5773195876288659,0,2,0.03773584905660377,0,0
"2023-01-21","PHI",98,129,37,65,0.5692307692307692,12,28,0.42857142857142855,0.42857142857142855,19,30,44,36,0,0.40540540540540543,0.4838709677419355,1,0.3010752688172043,0.4828763440860215,0.5913978494623656,0.6336633663366337,12,4,0.06153846153846154,1,0.03571428571428571
"2023-01-23","MEM",103,100,28,62,0.45161290322580644,12,36,0.3333333333333333,0.3333333333333333,8,32,24,36,0,0.5714285714285714,0.6153846153846154,1,0.3673469387755102,0.5051275510204082,0.46938775510204084,0.49019607843137253,4,5,0.08064516129032258,0,0
"2023-01-25","TOR",93,113,36,57,0.631578947368421,12,40,0.3,0.3076923076923077,5,32,40,36,0,0.4444444444444444,0.5161290322580645,1,0.41237113402061853,0.5254270833333333,0.5567010309278351,0.56,10,2,0.03508771929824561,0,0
"2023-01-28","MIN",97,117,25,43,0.5813953488372093,17,37,0.4594594594594595,0.4594594594594595,16,24,26,39,12,0.48,0.48,0.7647058823529411,0.4625,0.536271875,0.63125,0.65,0,0,0,0,0
"2023-01-30","MIN",108,111,31,53,0.5849056603773585,12,39,0.3076923076923077,0.3076923076923077,13,32,30,30,6,0.5161290322580645,0.5714285714285714,0.8333333333333334,0.42391304347826086,0.5304940217391304,0.532608695652174,0.5495049504950495,6,2,0.03773584905660377,1,0.02564102564102564
"2023-02-01","SAS",101,109,40,64,0.625,8,24,0.3333333333333333,0.3333333333333333,5,48,32,18,6,0.6,0.6857142857142857,0.75,0.2727272727272727,0.4900573863636364,0.5909090909090909,0.5989010989010989,10,3,0.046875,0,0
"2023-02-03","IND",104,107,23,48,0.4791666666666667,17,41,0.4146341463414634,0.4146341463414634,10,30,16,39,12,0.6521739130434783,0.7142857142857143,0.7647058823529411,0.4606741573033708,0.539717415730337,0.5449438202247191,0.5572916666666666,4,5,0.10416666666666667,0,0
"2023-02-05","NOP",97,136,34,59,0.576271186440678,14,26,0.5384615384615384,0.5384615384615384,26,26,42,39,3,0.38235294117647056,0.43333333333333335,0.9285714285714286,0.3058823529411765,0.47365235294117647,0.6470588235294118,0.6938775510204082,8,5,0.0847457627118644,0,0
"2023-02-06","HOU",98,120,31,56,0.5535714285714286,13,32,0.40625,0.40625,19,36,26,27,12,0.5806451612903226,0.72,0.6923076923076923,0.36363636363636365,0.5136181818181819,0.5738636363636364,0.6060606060606061,12,4,0.07142857142857142,1,0.03125
"2023-02-08","HOU",100,128,37,64,0.578125,10,22,0.45454545454545453,0.47619047619047616,24,32,42,27,3,0.43243243243243246,0.5,0.9,0.2558139534883721,0.4952147058823529,0.6046511627906976,0.6391752577319587,10,4,0.0625,0,0
"2023-02-10","DAL",96,122,25,45,0.5555555555555556,18,43,0.4186046511627907,0.42857142857142855,18,38,12,45,9,0.76,0.76,0.8333333333333334,0.48863636363636365,0.5128810344827586,0.5909090909090909,0.6421052631578947,0,3,0.06666666666666667,1,0.023255813953488372
"2023-02-11","DAL",108,128,27,40,0.675,20,51,0.39215686274509803,0.39215686274509803,14,16,38,57,3,0.2962962962962963,0.32,0.95,0.5604395604395604,0.5073741758241759,0.6263736263736264,0.6464646464646465,4,0,0,0,0
"2023-02-14","PHX",98,120,43,66,0.6515151515151515,7,22,0.3181818181818182,0.3181818181818182,13,52,34,21,0,0.6046511627906976,0.6341463414634146,1,0.25,0.5267517045454545,0.6079545454545454,0.6382978723404256,4,4,0.06060606060606061,0,0
"2023-02-23","POR",101,116,27,55,0.4909090909090909,16,38,0.42105263157894735,0.43243243243243246,14,28,26,36,12,0.5185185185185185,0.56,0.75,0.40860215053763443,0.5013983695652174,0.5483870967741935,0.58,4,3,0.05454545454545454,1,0.02631578947368421
"2023-02-24","LAC",129,175,33,53,0.6226415094339622,26,45,0.5777777777777777,0.5909090909090909,31,30,36,72,6,0.45454545454545453,0.5,0.9230769230769231,0.45918367346938777,0.508659793814433,0.7346938775510204,0.7723214285714286,6,3,0.05660377358490566,0,0
"2023-02-26","OKC",101,115,25,46,0.5434782608695652,16,40,0.4,0.4,17,22,28,39,9,0.44,0.44,0.8125,0.46511627906976744,0.5360337209302326,0.5697674418604651,0.5927835051546392,0,1,0.021739130434782608,0,0
"2023-02-28","OKC",104,117,32,63,0.5079365079365079,11,35,0.3142857142857143,0.3142857142857143,20,36,28,30,3,0.5625,0.6,0.9090909090909091,0.35714285714285715,0.5644658163265306,0.49489795918367346,0.5420560747663551,4,4,0.06349206349206349,0,0
"2023-03-03","LAC",99,127,33,46,0.717391304347826,14,41,0.34146341463414637,0.34146341463414637,19,34,32,42,0,0.5151515151515151,0.53125,1,0.47126436781609193,0.5142160919540231,0.6206896551724138,0.6428571428571429,2,1,0.021739130434782608,1,0.024390243902439025
"2023-03-04","MIN",96,138,28,41,0.6829268292682927,20,39,0.5128205128205128,0.5405405405405406,22,28,28,51,9,0.5,0.56,0.85,0.4875,0.5288320512820512,0.725,0.7419354838709677,6,1,0.024390243902439025,0,0
"2023-03-06","NOP",94,108,32,51,0.6274509803921569,11,29,0.3793103448275862,0.3793103448275862,11,38,26,30,3,0.59375,0.6785714285714286,0.9090909090909091,0.3625,0.546625625,0.60625,0.6294117647058823,8,3,0.058823529411764705,0,0
"2023-03-09","NYK",104,117,29,51,0.5686274509803921,13,50,0.26,0.26,20,28,30,39,0,0.4827586206896552,0.5384615384615384,1,0.49504950495049505,0.5437371287128713,0.4801980198019802,0.5131578947368421,6,3,0.058823529411764705,0,0
"2023-03-11","PHX",105,119,31,45,0.6888888888888889,13,44,0.29545454545454547,0.29545454545454547,18,36,26,36,3,0.5806451612903226,0.6206896551724138,0.9230769230769231,0.4943820224719101,0.491635393258427,0.5674157303370787,0.601010101010101,4,1,0.022222222222222223,1,0.022727272727272728
"2023-03-13","MIL",101,133,35,53,0.660377358490566,15,33,0.45454545454545453,0.45454545454545453,18,32,38,39,6,0.45714285714285713,0.48484848484848486,0.8666666666666667,0.38372093023255816,0.5235523255813953,0.6686046511627907,0.6968085106382979,4,2,0.03773584905660377,0,0
"2023-03-15","CHI",102,114,22,55,0.4,16,42,0.38095238095238093,0.3902439024390244,22,24,20,48,0,0.5454545454545454,0.5714285714285714,1,0.4329896907216495,0.5348572916666666,0.4742268041237113,0.5327102803738317,2,3,0.05454545454545454,0,0
"2023-03-16","BKN",92,96,19,41,0.4634146341463415,14,39,0.358974358974359,0.358974358974359,16,14,24,39,3,0.3684210526315789,0.3684210526315789,0.9285714285714286,0.4875,0.5398949367088607,0.5,0.5337078651685393,0,4,0.0975609756097561,1,0.02564102564102564
"2023-03-18","WAS",99,118,28,55,0.509090909090909,13,36,0.3611111111111111,0.3611111111111111,23,34,22,30,9,0.6071428571428571,0.6071428571428571,0.7692307692307693,0.3956043956043956,0.5038038461538462,0.521978021978022,0.5728155339805825,0,6,0.10909090909090909,1,0.027777777777777776
"2023-03-20","UTA",103,128,30,52,0.5769230769230769,16,36,0.4444444444444444,0.4444444444444444,20,34,26,48,0,0.5666666666666667,0.6071428571428571,1,0.4090909090909091,0.49929318181818183,0.6136363636363636,0.6530612244897959,4,3,0.057692307692307696,0,0
"2023-03-21","BOS",94,132,31,48,0.6458333333333334,18,44,0.4090909090909091,0.4090909090909091,16,34,28,48,6,0.5483870967741935,0.6071428571428571,0.8888888888888888,0.4782608695652174,0.5266853260869565,0.6304347826086957,0.6534653465346535,6,4,0.08333333333333333,0,0
"2023-03-24","PHX",98,127,39,60,0.65,9,29,0.3103448275862069,0.32142857142857145,22,48,30,27,0,0.6153846153846154,0.7058823529411765,1,0.3258426966292135,0.5020545454545454,0.5898876404494382,0.635,10,2,0.03333333333333333,1,0.034482758620689655
"2023-03-25","UTA",100,113,38,63,0.6031746031746031,9,28,0.32142857142857145,0.32142857142857145,10,42,34,27,0,0.5526315789473685,0.6176470588235294,1,0.3076923076923077,0.4958972527472527,0.5659340659340659,0.5833333333333334,8,0,0,1,0.03571428571428571
"2023-03-27","MIN",95,119,35,62,0.5645161290322581,9,24,0.375,0.375,22,48,22,27,0,0.6857142857142857,0.7272727272727273,1,0.27906976744186046,0.507135465116279,0.563953488372093,0.5776699029126213,4,4,0.06451612903225806,0,0